,italian,english,german,dutch
Mistral-7B-v0.1,0.6262798634812287,0.7517064846416383,0.6348122866894198,0.5503412969283277
GEITje-7B-ultra,0.32849829351535836,0.4991467576791809,0.3779863481228669,0.49658703071672355
leo-mistral-hessianai-7b,0.27047781569965873,0.6399317406143344,0.606655290102389,0.12627986348122866
Mistral-Ita-7b,0.6109215017064846,0.7261092150170648,0.5017064846416383,0.6151877133105802
genotype11,0.6885665529010239,0.7943686006825939,0.7184300341296929,0.6911262798634812
