bin,accuracy
Mistral-Ita-7b.csv,0.31842304776345715
MetaMath-Mistral-7B.csv,0.31842304776345715
old_phenotype_0.csv,0.3684609552691433
